-- Generated by scripts/export_sqlite_for_mysql.php
-- Source: D:\xampp\htdocs/database/database.sqlite
-- MySQL: run migrations first, then import (tmp_import_sql.php or import_sqlite_export_to_mysql.php).

SET NAMES utf8mb4;
SET FOREIGN_KEY_CHECKS = 0;

INSERT INTO `admins` (`id`, `name`, `email`, `email_verified_at`, `password`, `remember_token`, `created_at`, `updated_at`) VALUES (1, 'Administrator', 'admin@localhost', NULL, '$2y$12$8rhaEm0cP/iliGUqZcovKulkkMmVY7A/Ki1e0ftxATg/CznaECN4C', 'VV2vv9xL8YkZ4WV8FXGNdEvrYMZjlsTybCGiKl6XRubePM48tUjTvTrSB6Vg', '2026-04-01 13:07:55', '2026-04-01 13:07:55');

INSERT INTO `footer_items` (`id`, `footer_section_id`, `title`, `subtitle`, `image_path`, `link_url`, `sort_order`, `created_at`, `updated_at`) VALUES (1, 1, 'Samira Mahi Khan', '2024/2025', '/static/image/footer/samira_mahi_khan.png', NULL, 1, '2026-04-01 13:07:55', '2026-04-01 13:07:55');
INSERT INTO `footer_items` (`id`, `footer_section_id`, `title`, `subtitle`, `image_path`, `link_url`, `sort_order`, `created_at`, `updated_at`) VALUES (2, 1, 'Apu Biswas', '2023/2024', '/static/image/footer/apu_biswas.png', NULL, 2, '2026-04-01 13:07:55', '2026-04-01 13:07:55');
INSERT INTO `footer_items` (`id`, `footer_section_id`, `title`, `subtitle`, `image_path`, `link_url`, `sort_order`, `created_at`, `updated_at`) VALUES (3, 2, 'Vegas Vikings', '2025/2026', '/static/image/footer/vegas_vikings.png', NULL, 1, '2026-04-01 13:07:55', '2026-04-01 13:07:55');
INSERT INTO `footer_items` (`id`, `footer_section_id`, `title`, `subtitle`, `image_path`, `link_url`, `sort_order`, `created_at`, `updated_at`) VALUES (4, 2, 'Sudurpaschim Royals', '2024/2025', '/static/image/footer/sudurpaschim_royals.png', NULL, 2, '2026-04-01 13:07:55', '2026-04-01 13:07:55');
INSERT INTO `footer_items` (`id`, `footer_section_id`, `title`, `subtitle`, `image_path`, `link_url`, `sort_order`, `created_at`, `updated_at`) VALUES (5, 2, 'Telugu Warriors', '2024/2025', '/static/image/footer/telugu_warriors.png', NULL, 3, '2026-04-01 13:07:55', '2026-04-01 13:07:55');
INSERT INTO `footer_items` (`id`, `footer_section_id`, `title`, `subtitle`, `image_path`, `link_url`, `sort_order`, `created_at`, `updated_at`) VALUES (6, 2, 'Colombo Strikers', '2024/2025', '/static/image/footer/colombo_strikers.png', NULL, 4, '2026-04-01 13:07:55', '2026-04-01 13:07:55');
INSERT INTO `footer_items` (`id`, `footer_section_id`, `title`, `subtitle`, `image_path`, `link_url`, `sort_order`, `created_at`, `updated_at`) VALUES (7, 2, 'Grand Cayman Jaguars', '2024/2025', '/static/image/footer/grand_cayman_jaguars.png', NULL, 5, '2026-04-01 13:07:55', '2026-04-01 13:07:55');
INSERT INTO `footer_items` (`id`, `footer_section_id`, `title`, `subtitle`, `image_path`, `link_url`, `sort_order`, `created_at`, `updated_at`) VALUES (8, 2, 'Montreal Tigers', '2023/2024', '/static/image/footer/montreal_tigers.png', NULL, 6, '2026-04-01 13:07:55', '2026-04-01 13:07:55');
INSERT INTO `footer_items` (`id`, `footer_section_id`, `title`, `subtitle`, `image_path`, `link_url`, `sort_order`, `created_at`, `updated_at`) VALUES (9, 2, 'Dambulla Aura', '2023/2024', '/static/image/footer/dambulla_aurea.png', NULL, 7, '2026-04-01 13:07:55', '2026-04-01 13:07:55');
INSERT INTO `footer_items` (`id`, `footer_section_id`, `title`, `subtitle`, `image_path`, `link_url`, `sort_order`, `created_at`, `updated_at`) VALUES (10, 2, 'Northern Warriors', '2023/2024', '/static/image/footer/northern_warriors.png', NULL, 8, '2026-04-01 13:07:55', '2026-04-01 13:07:55');

INSERT INTO `footer_sections` (`id`, `slug`, `title_bn`, `sort_order`, `created_at`, `updated_at`) VALUES (1, 'ambassadors', 'ব্র্যান্ড অ্যাম্বাসেডর', 1, '2026-04-01 13:07:55', '2026-04-01 13:07:55');
INSERT INTO `footer_sections` (`id`, `slug`, `title_bn`, `sort_order`, `created_at`, `updated_at`) VALUES (2, 'sponsorships', 'স্পনসরশিপ', 2, '2026-04-01 13:07:55', '2026-04-01 13:07:55');

INSERT INTO `game_categories` (`id`, `slug`, `name_bn`, `name_en`, `sort_order`, `created_at`, `updated_at`) VALUES (1, 'slot', 'স্লট গেম', 'Slots', 1, '2026-04-01 13:07:55', '2026-04-01 13:07:55');

INSERT INTO `games` (`id`, `game_category_id`, `title`, `slug`, `provider`, `thumbnail_path`, `href`, `sort_order`, `is_active`, `is_featured`, `created_at`, `updated_at`) VALUES (1, 1, 'Fortune Gems', 'fortune-gems', 'JILI', '/static/image/logo/logo.webp', '/slot', 1, 1, 1, '2026-04-01 13:07:55', '2026-04-01 13:07:55');

INSERT INTO `home_cricket_matches` (`id`, `status`, `innings_label`, `league_name`, `match_starts_at`, `team1_name`, `team1_logo_path`, `team1_score`, `team1_overs`, `team2_name`, `team2_logo_path`, `team2_score`, `team2_overs`, `link_url`, `sort_order`, `is_active`, `created_at`, `updated_at`) VALUES (1, 'live', '2nd Innings', 'One Day International Women', '2026-03-29 07:00:00', 'New Zealand W', 'https://cdn.sportmonks.com/images/cricket/teams/15/79.png', '268', '/ 10 (50)', 'South Africa W', 'https://cdn.sportmonks.com/images/cricket/teams/9/73.png', '82', '/ 2 (14.2)', NULL, 0, 1, '2026-04-13 15:50:41', '2026-04-13 15:50:41');
INSERT INTO `home_cricket_matches` (`id`, `status`, `innings_label`, `league_name`, `match_starts_at`, `team1_name`, `team1_logo_path`, `team1_score`, `team1_overs`, `team2_name`, `team2_logo_path`, `team2_score`, `team2_overs`, `link_url`, `sort_order`, `is_active`, `created_at`, `updated_at`) VALUES (2, 'upcoming', NULL, 'ICC Men\'s T20 World Cup Regional Qualifications', '2026-03-29 15:30:00', 'Seychelles', 'https://cdn.sportmonks.com/images/cricket/teams/10/2282.png', NULL, NULL, 'Eswatini', 'https://cdn.sportmonks.com/images/cricket/teams/16/2288.png', NULL, NULL, NULL, 1, 1, '2026-04-13 15:50:41', '2026-04-13 15:50:41');
INSERT INTO `home_cricket_matches` (`id`, `status`, `innings_label`, `league_name`, `match_starts_at`, `team1_name`, `team1_logo_path`, `team1_score`, `team1_overs`, `team2_name`, `team2_logo_path`, `team2_score`, `team2_overs`, `link_url`, `sort_order`, `is_active`, `created_at`, `updated_at`) VALUES (3, 'upcoming', NULL, 'Pakistan Super League', '2026-03-29 15:30:00', 'Hyderabad Kingsmen', 'https://cdn.sportmonks.com/images/cricket/teams/20/3060.png', NULL, NULL, 'Quetta Gladiators', 'https://cdn.sportmonks.com/images/cricket/teams/16/16.png', NULL, NULL, NULL, 2, 1, '2026-04-13 15:50:41', '2026-04-13 15:50:41');
INSERT INTO `home_cricket_matches` (`id`, `status`, `innings_label`, `league_name`, `match_starts_at`, `team1_name`, `team1_logo_path`, `team1_score`, `team1_overs`, `team2_name`, `team2_logo_path`, `team2_score`, `team2_overs`, `link_url`, `sort_order`, `is_active`, `created_at`, `updated_at`) VALUES (4, 'upcoming', NULL, 'CSA One Day Cup', '2026-03-29 17:00:00', 'Lions', 'https://cdn.sportmonks.com/images/cricket/teams/0/64.png', NULL, NULL, 'Titans', 'https://cdn.sportmonks.com/images/cricket/teams/28/60.png', NULL, NULL, NULL, 3, 1, '2026-04-13 15:50:41', '2026-04-13 15:50:41');
INSERT INTO `home_cricket_matches` (`id`, `status`, `innings_label`, `league_name`, `match_starts_at`, `team1_name`, `team1_logo_path`, `team1_score`, `team1_overs`, `team2_name`, `team2_logo_path`, `team2_score`, `team2_overs`, `link_url`, `sort_order`, `is_active`, `created_at`, `updated_at`) VALUES (5, 'upcoming', NULL, 'ICC Men\'s T20 World Cup Regional Qualifications', '2026-03-29 19:50:00', 'Saint Helena', 'https://cdn.sportmonks.com/images/cricket/teams/7/2279.png', NULL, NULL, 'Malawi', 'https://cdn.sportmonks.com/images/cricket/teams/1/2273.png', NULL, NULL, NULL, 4, 1, '2026-04-13 15:50:41', '2026-04-13 15:50:41');
INSERT INTO `home_cricket_matches` (`id`, `status`, `innings_label`, `league_name`, `match_starts_at`, `team1_name`, `team1_logo_path`, `team1_score`, `team1_overs`, `team2_name`, `team2_logo_path`, `team2_score`, `team2_overs`, `link_url`, `sort_order`, `is_active`, `created_at`, `updated_at`) VALUES (6, 'upcoming', NULL, 'ICC Men\'s T20 World Cup Regional Qualifications', '2026-03-29 19:50:00', 'Ghana', 'https://cdn.sportmonks.com/images/cricket/teams/22/2294.png', NULL, NULL, 'Tanzania', 'https://cdn.sportmonks.com/images/cricket/teams/15/2255.png', NULL, NULL, NULL, 5, 1, '2026-04-13 15:50:41', '2026-04-13 15:50:41');
INSERT INTO `home_cricket_matches` (`id`, `status`, `innings_label`, `league_name`, `match_starts_at`, `team1_name`, `team1_logo_path`, `team1_score`, `team1_overs`, `team2_name`, `team2_logo_path`, `team2_score`, `team2_overs`, `link_url`, `sort_order`, `is_active`, `created_at`, `updated_at`) VALUES (7, 'upcoming', NULL, 'Indian Premier League', '2026-03-29 20:00:00', 'Mumbai Indians', 'https://cdn.sportmonks.com/images/cricket/teams/6/6.png', NULL, NULL, 'Kolkata Knight Riders', 'https://cdn.sportmonks.com/images/cricket/teams/5/5.png', NULL, NULL, NULL, 6, 1, '2026-04-13 15:50:41', '2026-04-13 15:50:41');
INSERT INTO `home_cricket_matches` (`id`, `status`, `innings_label`, `league_name`, `match_starts_at`, `team1_name`, `team1_logo_path`, `team1_score`, `team1_overs`, `team2_name`, `team2_logo_path`, `team2_score`, `team2_overs`, `link_url`, `sort_order`, `is_active`, `created_at`, `updated_at`) VALUES (8, 'upcoming', NULL, 'Pakistan Super League', '2026-03-29 20:00:00', 'Lahore Qalandars', 'https://cdn.sportmonks.com/images/cricket/teams/13/13.png', NULL, NULL, 'Karachi Kings', 'https://cdn.sportmonks.com/images/cricket/teams/12/12.png', NULL, NULL, NULL, 7, 1, '2026-04-13 15:50:41', '2026-04-13 15:50:41');
INSERT INTO `home_cricket_matches` (`id`, `status`, `innings_label`, `league_name`, `match_starts_at`, `team1_name`, `team1_logo_path`, `team1_score`, `team1_overs`, `team2_name`, `team2_logo_path`, `team2_score`, `team2_overs`, `link_url`, `sort_order`, `is_active`, `created_at`, `updated_at`) VALUES (9, 'upcoming', NULL, 'One Day International Women', '2026-03-30 00:00:00', 'West Indies W', 'https://cdn.sportmonks.com/images/cricket/teams/11/75.png', NULL, NULL, 'Australia W', 'https://cdn.sportmonks.com/images/cricket/teams/13/77.png', NULL, NULL, NULL, 8, 1, '2026-04-13 15:50:41', '2026-04-13 15:50:41');
INSERT INTO `home_cricket_matches` (`id`, `status`, `innings_label`, `league_name`, `match_starts_at`, `team1_name`, `team1_logo_path`, `team1_score`, `team1_overs`, `team2_name`, `team2_logo_path`, `team2_score`, `team2_overs`, `link_url`, `sort_order`, `is_active`, `created_at`, `updated_at`) VALUES (10, 'upcoming', NULL, 'Indian Premier League', '2026-03-30 20:00:00', 'Rajasthan Royals', 'https://cdn.sportmonks.com/images/cricket/teams/7/7.png', NULL, NULL, 'Chennai Super Kings', 'https://cdn.sportmonks.com/images/cricket/teams/2/2.png', NULL, NULL, NULL, 9, 1, '2026-04-13 15:50:41', '2026-04-13 15:50:41');

INSERT INTO `media_assets` (`id`, `slug`, `path`, `alt`, `category`, `sort_order`, `created_at`, `updated_at`) VALUES (1, 'brand-logo-main', '/static/image/logo/logo.webp', 'Babu88 logo', 'brand', 1, '2026-04-01 13:07:55', '2026-04-01 13:07:55');
INSERT INTO `media_assets` (`id`, `slug`, `path`, `alt`, `category`, `sort_order`, `created_at`, `updated_at`) VALUES (2, 'brand-footer-official', '/static/image/footer/babu88-official.png', 'Official site badge', 'brand', 2, '2026-04-01 13:07:55', '2026-04-01 13:07:55');
INSERT INTO `media_assets` (`id`, `slug`, `path`, `alt`, `category`, `sort_order`, `created_at`, `updated_at`) VALUES (3, 'register-banner-bd', '/static/image/banner/registerBanner/register_banner_bd.jpg', 'Register banner', 'header', 3, '2026-04-01 13:07:55', '2026-04-01 13:07:55');
INSERT INTO `media_assets` (`id`, `slug`, `path`, `alt`, `category`, `sort_order`, `created_at`, `updated_at`) VALUES (4, 'ambassador-samira', '/static/image/footer/samira_mahi_khan.png', 'Samira Mahi Khan', 'footer', 4, '2026-04-01 13:07:55', '2026-04-01 13:07:55');
INSERT INTO `media_assets` (`id`, `slug`, `path`, `alt`, `category`, `sort_order`, `created_at`, `updated_at`) VALUES (5, 'ambassador-apu', '/static/image/footer/apu_biswas.png', 'Apu Biswas', 'footer', 5, '2026-04-01 13:07:55', '2026-04-01 13:07:55');
INSERT INTO `media_assets` (`id`, `slug`, `path`, `alt`, `category`, `sort_order`, `created_at`, `updated_at`) VALUES (6, 'payment-bkash', '/static/image/footer/icon_footer_bkash_colour.svg', 'bKash', 'footer', 10, '2026-04-01 13:07:55', '2026-04-01 13:07:55');
INSERT INTO `media_assets` (`id`, `slug`, `path`, `alt`, `category`, `sort_order`, `created_at`, `updated_at`) VALUES (7, 'payment-nagad', '/static/image/footer/icon_footer_nagad_colour.svg', 'Nagad', 'footer', 11, '2026-04-01 13:07:55', '2026-04-01 13:07:55');

INSERT INTO `migrations` (`id`, `migration`, `batch`) VALUES (1, '0001_01_01_000000_create_users_table', 1);
INSERT INTO `migrations` (`id`, `migration`, `batch`) VALUES (2, '0001_01_01_000001_create_cache_table', 1);
INSERT INTO `migrations` (`id`, `migration`, `batch`) VALUES (3, '0001_01_01_000002_create_jobs_table', 1);
INSERT INTO `migrations` (`id`, `migration`, `batch`) VALUES (4, '2026_03_29_100100_create_game_categories_table', 1);
INSERT INTO `migrations` (`id`, `migration`, `batch`) VALUES (5, '2026_03_29_100120_add_player_fields_to_users_table', 1);
INSERT INTO `migrations` (`id`, `migration`, `batch`) VALUES (6, '2026_03_29_100150_create_footer_sections_table', 1);
INSERT INTO `migrations` (`id`, `migration`, `batch`) VALUES (7, '2026_03_29_100200_create_navigation_items_table', 1);
INSERT INTO `migrations` (`id`, `migration`, `batch`) VALUES (8, '2026_03_29_100300_create_social_links_table', 1);
INSERT INTO `migrations` (`id`, `migration`, `batch`) VALUES (9, '2026_03_29_100400_create_games_table', 1);
INSERT INTO `migrations` (`id`, `migration`, `batch`) VALUES (10, '2026_03_29_100500_create_footer_items_table', 1);
INSERT INTO `migrations` (`id`, `migration`, `batch`) VALUES (11, '2026_03_29_100550_create_media_assets_table', 1);
INSERT INTO `migrations` (`id`, `migration`, `batch`) VALUES (12, '2026_03_29_100600_create_payment_methods_table', 1);
INSERT INTO `migrations` (`id`, `migration`, `batch`) VALUES (13, '2026_03_29_100800_create_site_settings_table', 1);
INSERT INTO `migrations` (`id`, `migration`, `batch`) VALUES (14, '2026_03_29_110000_add_balance_to_users_table', 1);
INSERT INTO `migrations` (`id`, `migration`, `batch`) VALUES (15, '2026_03_31_120000_create_user_referral_tiers_table', 1);
INSERT INTO `migrations` (`id`, `migration`, `batch`) VALUES (16, '2026_03_31_120100_create_user_referral_ledger_entries_table', 1);
INSERT INTO `migrations` (`id`, `migration`, `batch`) VALUES (17, '2026_03_31_140000_add_referral_graph_to_users_table', 1);
INSERT INTO `migrations` (`id`, `migration`, `batch`) VALUES (18, '2026_03_31_140100_create_user_deposits_table', 1);
INSERT INTO `migrations` (`id`, `migration`, `batch`) VALUES (19, '2026_03_31_160000_add_unique_reference_to_user_deposits_table', 1);
INSERT INTO `migrations` (`id`, `migration`, `batch`) VALUES (20, '2026_03_31_180000_create_user_withdrawals_table', 1);
INSERT INTO `migrations` (`id`, `migration`, `batch`) VALUES (21, '2026_03_31_200000_add_referral_code_to_users_table', 1);
INSERT INTO `migrations` (`id`, `migration`, `batch`) VALUES (22, '2026_04_01_000001_create_admins_table', 1);
INSERT INTO `migrations` (`id`, `migration`, `batch`) VALUES (23, '2026_04_01_000002_strip_legacy_admin_role_from_users', 1);
INSERT INTO `migrations` (`id`, `migration`, `batch`) VALUES (24, '2026_04_01_100000_create_admin_messages_table', 2);
INSERT INTO `migrations` (`id`, `migration`, `batch`) VALUES (25, '2026_04_13_120000_ensure_site_settings_layout_keys', 3);
INSERT INTO `migrations` (`id`, `migration`, `batch`) VALUES (26, '2026_04_13_130000_remove_placeholder_seed_games', 4);
INSERT INTO `migrations` (`id`, `migration`, `batch`) VALUES (27, '2026_04_13_140000_create_home_cricket_matches_table', 5);
INSERT INTO `migrations` (`id`, `migration`, `batch`) VALUES (28, '2026_04_13_150000_ensure_home_referral_promo_settings', 6);

INSERT INTO `navigation_items` (`id`, `placement`, `parent_id`, `label_bn`, `label_en`, `href`, `icon_path`, `sort_order`, `is_active`, `show_underline`, `badge_label`, `badge_variant`, `label_class`, `has_badge_ui`, `is_external`, `drawer_meta`, `drawer_group`, `created_at`, `updated_at`) VALUES (1, 'desktop_nav', NULL, 'স্লট গেম', NULL, '/slot', NULL, 1, 1, 1, NULL, 'dot', 'menu-navigator px-1', 1, 0, NULL, NULL, '2026-04-01 13:07:55', '2026-04-01 13:07:55');
INSERT INTO `navigation_items` (`id`, `placement`, `parent_id`, `label_bn`, `label_en`, `href`, `icon_path`, `sort_order`, `is_active`, `show_underline`, `badge_label`, `badge_variant`, `label_class`, `has_badge_ui`, `is_external`, `drawer_meta`, `drawer_group`, `created_at`, `updated_at`) VALUES (2, 'desktop_nav', NULL, 'ক্যাসিনো', NULL, '/casino', NULL, 2, 1, 1, NULL, 'dot', 'menu-navigator px-1', 1, 0, NULL, NULL, '2026-04-01 13:07:55', '2026-04-01 13:07:55');
INSERT INTO `navigation_items` (`id`, `placement`, `parent_id`, `label_bn`, `label_en`, `href`, `icon_path`, `sort_order`, `is_active`, `show_underline`, `badge_label`, `badge_variant`, `label_class`, `has_badge_ui`, `is_external`, `drawer_meta`, `drawer_group`, `created_at`, `updated_at`) VALUES (3, 'desktop_nav', NULL, 'ক্র্যাশ', NULL, '/crash', NULL, 3, 1, 1, NULL, 'dot', 'menu-navigator px-1', 1, 0, NULL, NULL, '2026-04-01 13:07:55', '2026-04-01 13:07:55');
INSERT INTO `navigation_items` (`id`, `placement`, `parent_id`, `label_bn`, `label_en`, `href`, `icon_path`, `sort_order`, `is_active`, `show_underline`, `badge_label`, `badge_variant`, `label_class`, `has_badge_ui`, `is_external`, `drawer_meta`, `drawer_group`, `created_at`, `updated_at`) VALUES (4, 'desktop_nav', NULL, 'ক্রিকেট', NULL, '/cricket', NULL, 4, 1, 1, NULL, 'dot', 'menu-navigator px-1', 1, 0, NULL, NULL, '2026-04-01 13:07:55', '2026-04-01 13:07:55');
INSERT INTO `navigation_items` (`id`, `placement`, `parent_id`, `label_bn`, `label_en`, `href`, `icon_path`, `sort_order`, `is_active`, `show_underline`, `badge_label`, `badge_variant`, `label_class`, `has_badge_ui`, `is_external`, `drawer_meta`, `drawer_group`, `created_at`, `updated_at`) VALUES (5, 'desktop_nav', NULL, 'টেবিল গেম', NULL, '/tablegames', NULL, 5, 1, 1, NULL, 'dot', 'menu-navigator px-1', 1, 0, NULL, NULL, '2026-04-01 13:07:55', '2026-04-01 13:07:55');
INSERT INTO `navigation_items` (`id`, `placement`, `parent_id`, `label_bn`, `label_en`, `href`, `icon_path`, `sort_order`, `is_active`, `show_underline`, `badge_label`, `badge_variant`, `label_class`, `has_badge_ui`, `is_external`, `drawer_meta`, `drawer_group`, `created_at`, `updated_at`) VALUES (6, 'desktop_nav', NULL, 'ফাস্ট', NULL, '/fastgames', NULL, 6, 1, 1, NULL, 'dot', 'menu-navigator px-1', 1, 0, NULL, NULL, '2026-04-01 13:07:55', '2026-04-01 13:07:55');
INSERT INTO `navigation_items` (`id`, `placement`, `parent_id`, `label_bn`, `label_en`, `href`, `icon_path`, `sort_order`, `is_active`, `show_underline`, `badge_label`, `badge_variant`, `label_class`, `has_badge_ui`, `is_external`, `drawer_meta`, `drawer_group`, `created_at`, `updated_at`) VALUES (7, 'desktop_nav', NULL, 'মাছ ধরা', NULL, '/fishing', NULL, 7, 1, 1, NULL, 'dot', 'menu-navigator px-1', 1, 0, NULL, NULL, '2026-04-01 13:07:55', '2026-04-01 13:07:55');
INSERT INTO `navigation_items` (`id`, `placement`, `parent_id`, `label_bn`, `label_en`, `href`, `icon_path`, `sort_order`, `is_active`, `show_underline`, `badge_label`, `badge_variant`, `label_class`, `has_badge_ui`, `is_external`, `drawer_meta`, `drawer_group`, `created_at`, `updated_at`) VALUES (8, 'desktop_nav', NULL, 'খেলার বই', NULL, '/sportsbook', NULL, 8, 1, 1, NULL, 'dot', 'menu-navigator px-1', 1, 0, NULL, NULL, '2026-04-01 13:07:55', '2026-04-01 13:07:55');
INSERT INTO `navigation_items` (`id`, `placement`, `parent_id`, `label_bn`, `label_en`, `href`, `icon_path`, `sort_order`, `is_active`, `show_underline`, `badge_label`, `badge_variant`, `label_class`, `has_badge_ui`, `is_external`, `drawer_meta`, `drawer_group`, `created_at`, `updated_at`) VALUES (9, 'desktop_nav', NULL, 'প্রমোশন', NULL, '/promotion', NULL, 9, 1, 1, NULL, 'dot', 'px-2', 0, 0, NULL, NULL, '2026-04-01 13:07:55', '2026-04-01 13:07:55');
INSERT INTO `navigation_items` (`id`, `placement`, `parent_id`, `label_bn`, `label_en`, `href`, `icon_path`, `sort_order`, `is_active`, `show_underline`, `badge_label`, `badge_variant`, `label_class`, `has_badge_ui`, `is_external`, `drawer_meta`, `drawer_group`, `created_at`, `updated_at`) VALUES (10, 'desktop_nav', NULL, 'বেটিং পাস', NULL, '/vip/vipProfile', NULL, 10, 1, 1, NULL, 'hot', 'px-2', 1, 0, NULL, NULL, '2026-04-01 13:07:55', '2026-04-01 13:07:55');
INSERT INTO `navigation_items` (`id`, `placement`, `parent_id`, `label_bn`, `label_en`, `href`, `icon_path`, `sort_order`, `is_active`, `show_underline`, `badge_label`, `badge_variant`, `label_class`, `has_badge_ui`, `is_external`, `drawer_meta`, `drawer_group`, `created_at`, `updated_at`) VALUES (11, 'desktop_nav', NULL, 'সুপারিশ', NULL, '/referralPreview', NULL, 11, 1, 1, NULL, 'hot', 'px-2', 1, 0, NULL, NULL, '2026-04-01 13:07:55', '2026-04-01 13:07:55');
INSERT INTO `navigation_items` (`id`, `placement`, `parent_id`, `label_bn`, `label_en`, `href`, `icon_path`, `sort_order`, `is_active`, `show_underline`, `badge_label`, `badge_variant`, `label_class`, `has_badge_ui`, `is_external`, `drawer_meta`, `drawer_group`, `created_at`, `updated_at`) VALUES (12, 'desktop_nav', NULL, 'VIP', NULL, '/viptiers/vip-tier', NULL, 12, 1, 1, NULL, 'dot', 'px-2', 1, 0, NULL, NULL, '2026-04-01 13:07:55', '2026-04-01 13:07:55');
INSERT INTO `navigation_items` (`id`, `placement`, `parent_id`, `label_bn`, `label_en`, `href`, `icon_path`, `sort_order`, `is_active`, `show_underline`, `badge_label`, `badge_variant`, `label_class`, `has_badge_ui`, `is_external`, `drawer_meta`, `drawer_group`, `created_at`, `updated_at`) VALUES (13, 'desktop_nav', NULL, 'IPL 2026 বেটিং পাস', NULL, '/vipEvent/IPL2026', NULL, 13, 1, 1, NULL, 'hot', 'px-2', 1, 0, NULL, NULL, '2026-04-01 13:07:55', '2026-04-01 13:07:55');
INSERT INTO `navigation_items` (`id`, `placement`, `parent_id`, `label_bn`, `label_en`, `href`, `icon_path`, `sort_order`, `is_active`, `show_underline`, `badge_label`, `badge_variant`, `label_class`, `has_badge_ui`, `is_external`, `drawer_meta`, `drawer_group`, `created_at`, `updated_at`) VALUES (14, 'desktop_nav', NULL, 'অ্যাফিলিয়েট', NULL, 'https://bit.ly/4hra4xX', NULL, 14, 1, 1, NULL, 'dot', 'px-2', 0, 1, NULL, NULL, '2026-04-01 13:07:55', '2026-04-01 13:07:55');
INSERT INTO `navigation_items` (`id`, `placement`, `parent_id`, `label_bn`, `label_en`, `href`, `icon_path`, `sort_order`, `is_active`, `show_underline`, `badge_label`, `badge_variant`, `label_class`, `has_badge_ui`, `is_external`, `drawer_meta`, `drawer_group`, `created_at`, `updated_at`) VALUES (15, 'desktop_nav', NULL, 'পুরস্কার', NULL, '/reward/rewardStore', NULL, 15, 1, 1, NULL, 'dot', 'px-2', 1, 0, NULL, NULL, '2026-04-01 13:07:55', '2026-04-01 13:07:55');
INSERT INTO `navigation_items` (`id`, `placement`, `parent_id`, `label_bn`, `label_en`, `href`, `icon_path`, `sort_order`, `is_active`, `show_underline`, `badge_label`, `badge_variant`, `label_class`, `has_badge_ui`, `is_external`, `drawer_meta`, `drawer_group`, `created_at`, `updated_at`) VALUES (16, 'drawer', NULL, 'প্রমোশন', NULL, '/promotion', '/static/svg/mobileMenu/icon_promotion.svg', 1, 1, 0, NULL, 'dot', NULL, 0, 0, '[]', 'top', '2026-04-01 13:07:55', '2026-04-01 13:07:55');
INSERT INTO `navigation_items` (`id`, `placement`, `parent_id`, `label_bn`, `label_en`, `href`, `icon_path`, `sort_order`, `is_active`, `show_underline`, `badge_label`, `badge_variant`, `label_class`, `has_badge_ui`, `is_external`, `drawer_meta`, `drawer_group`, `created_at`, `updated_at`) VALUES (17, 'drawer', NULL, 'পুরস্কার', NULL, '/reward/rewardStore', '/static/svg/mobileMenu/icon_rewards.svg', 2, 1, 0, NULL, 'dot', NULL, 0, 0, '{\"badge\":\"\\u09a8\\u09a4\\u09c1\\u09a8\",\"badge_bg\":\"rgb(4, 178, 43)\"}', 'top', '2026-04-01 13:07:55', '2026-04-01 13:07:55');
INSERT INTO `navigation_items` (`id`, `placement`, `parent_id`, `label_bn`, `label_en`, `href`, `icon_path`, `sort_order`, `is_active`, `show_underline`, `badge_label`, `badge_variant`, `label_class`, `has_badge_ui`, `is_external`, `drawer_meta`, `drawer_group`, `created_at`, `updated_at`) VALUES (18, 'drawer', NULL, 'রেফারেল প্রোগ্রাম', NULL, '/referral/summary', '/static/svg/mobileMenu/icon_referral.svg', 3, 1, 0, NULL, 'dot', NULL, 0, 0, '{\"variant\":\"referral\"}', 'top', '2026-04-01 13:07:55', '2026-04-01 13:07:55');
INSERT INTO `navigation_items` (`id`, `placement`, `parent_id`, `label_bn`, `label_en`, `href`, `icon_path`, `sort_order`, `is_active`, `show_underline`, `badge_label`, `badge_variant`, `label_class`, `has_badge_ui`, `is_external`, `drawer_meta`, `drawer_group`, `created_at`, `updated_at`) VALUES (19, 'drawer', NULL, 'বেটিং পাস', NULL, '/vip/vipProfile', '/static/svg/mobileMenu/icon_bettingpass.svg', 4, 1, 0, NULL, 'dot', NULL, 0, 0, '{\"variant\":\"row_badge_hot\"}', 'top', '2026-04-01 13:07:55', '2026-04-01 13:07:55');
INSERT INTO `navigation_items` (`id`, `placement`, `parent_id`, `label_bn`, `label_en`, `href`, `icon_path`, `sort_order`, `is_active`, `show_underline`, `badge_label`, `badge_variant`, `label_class`, `has_badge_ui`, `is_external`, `drawer_meta`, `drawer_group`, `created_at`, `updated_at`) VALUES (20, 'drawer', NULL, 'IPL 2026 বেটিং পাস', NULL, '/vipEvent/IPL2026', '/static/svg/mobileMenu/IPL_svg.svg', 5, 1, 0, NULL, 'dot', NULL, 0, 0, '{\"variant\":\"row_badge_hot\"}', 'top', '2026-04-01 13:07:55', '2026-04-01 13:07:55');
INSERT INTO `navigation_items` (`id`, `placement`, `parent_id`, `label_bn`, `label_en`, `href`, `icon_path`, `sort_order`, `is_active`, `show_underline`, `badge_label`, `badge_variant`, `label_class`, `has_badge_ui`, `is_external`, `drawer_meta`, `drawer_group`, `created_at`, `updated_at`) VALUES (21, 'drawer', NULL, 'অ্যাফিলিয়েট', NULL, 'https://bit.ly/4hra4xX', '/static/svg/mobileMenu/icon_agents.svg', 6, 1, 0, NULL, 'dot', NULL, 0, 1, '[]', 'top', '2026-04-01 13:07:55', '2026-04-01 13:07:55');
INSERT INTO `navigation_items` (`id`, `placement`, `parent_id`, `label_bn`, `label_en`, `href`, `icon_path`, `sort_order`, `is_active`, `show_underline`, `badge_label`, `badge_variant`, `label_class`, `has_badge_ui`, `is_external`, `drawer_meta`, `drawer_group`, `created_at`, `updated_at`) VALUES (22, 'drawer', NULL, 'বেটিং পাস', NULL, '/viptiers/vip-tier', '/static/svg/mobileMenu/icon_VIP.svg', 7, 1, 0, NULL, 'dot', NULL, 0, 0, '{\"variant\":\"row_badge_empty\"}', 'top', '2026-04-01 13:07:55', '2026-04-01 13:07:55');
INSERT INTO `navigation_items` (`id`, `placement`, `parent_id`, `label_bn`, `label_en`, `href`, `icon_path`, `sort_order`, `is_active`, `show_underline`, `badge_label`, `badge_variant`, `label_class`, `has_badge_ui`, `is_external`, `drawer_meta`, `drawer_group`, `created_at`, `updated_at`) VALUES (23, 'drawer', NULL, 'স্লট গেম', NULL, '/slot/jili', '/static/svg/mobileMenu/icon_rng.svg', 1, 1, 0, NULL, 'dot', NULL, 0, 0, '[]', 'games', '2026-04-01 13:07:55', '2026-04-01 13:07:55');
INSERT INTO `navigation_items` (`id`, `placement`, `parent_id`, `label_bn`, `label_en`, `href`, `icon_path`, `sort_order`, `is_active`, `show_underline`, `badge_label`, `badge_variant`, `label_class`, `has_badge_ui`, `is_external`, `drawer_meta`, `drawer_group`, `created_at`, `updated_at`) VALUES (24, 'drawer', NULL, 'ক্যাসিনো', NULL, '/casino', '/static/svg/mobileMenu/icon_ld.svg', 2, 1, 0, NULL, 'dot', NULL, 0, 0, '[]', 'games', '2026-04-01 13:07:55', '2026-04-01 13:07:55');
INSERT INTO `navigation_items` (`id`, `placement`, `parent_id`, `label_bn`, `label_en`, `href`, `icon_path`, `sort_order`, `is_active`, `show_underline`, `badge_label`, `badge_variant`, `label_class`, `has_badge_ui`, `is_external`, `drawer_meta`, `drawer_group`, `created_at`, `updated_at`) VALUES (25, 'drawer', NULL, 'ক্র্যাশ', NULL, '/crash', '/static/svg/mobileMenu/icon_crash.svg', 3, 1, 0, NULL, 'dot', NULL, 0, 0, '[]', 'games', '2026-04-01 13:07:55', '2026-04-01 13:07:55');
INSERT INTO `navigation_items` (`id`, `placement`, `parent_id`, `label_bn`, `label_en`, `href`, `icon_path`, `sort_order`, `is_active`, `show_underline`, `badge_label`, `badge_variant`, `label_class`, `has_badge_ui`, `is_external`, `drawer_meta`, `drawer_group`, `created_at`, `updated_at`) VALUES (26, 'drawer', NULL, 'ক্রিকেট', NULL, '/cricket', '/static/svg/mobileMenu/icon_cricket.svg', 4, 1, 0, NULL, 'dot', NULL, 0, 0, '[]', 'games', '2026-04-01 13:07:55', '2026-04-01 13:07:55');
INSERT INTO `navigation_items` (`id`, `placement`, `parent_id`, `label_bn`, `label_en`, `href`, `icon_path`, `sort_order`, `is_active`, `show_underline`, `badge_label`, `badge_variant`, `label_class`, `has_badge_ui`, `is_external`, `drawer_meta`, `drawer_group`, `created_at`, `updated_at`) VALUES (27, 'drawer', NULL, 'টেবিল গেম', NULL, '/tablegames', '/static/svg/mobileMenu/icon_table.svg', 5, 1, 0, NULL, 'dot', NULL, 0, 0, '[]', 'games', '2026-04-01 13:07:55', '2026-04-01 13:07:55');
INSERT INTO `navigation_items` (`id`, `placement`, `parent_id`, `label_bn`, `label_en`, `href`, `icon_path`, `sort_order`, `is_active`, `show_underline`, `badge_label`, `badge_variant`, `label_class`, `has_badge_ui`, `is_external`, `drawer_meta`, `drawer_group`, `created_at`, `updated_at`) VALUES (28, 'drawer', NULL, 'ফাস্ট', NULL, '/fastgames', '/static/svg/mobileMenu/icon_fastgames.svg', 6, 1, 0, NULL, 'dot', NULL, 0, 0, '{\"badge\":\"\\u09a8\\u09a4\\u09c1\\u09a8\"}', 'games', '2026-04-01 13:07:55', '2026-04-01 13:07:55');
INSERT INTO `navigation_items` (`id`, `placement`, `parent_id`, `label_bn`, `label_en`, `href`, `icon_path`, `sort_order`, `is_active`, `show_underline`, `badge_label`, `badge_variant`, `label_class`, `has_badge_ui`, `is_external`, `drawer_meta`, `drawer_group`, `created_at`, `updated_at`) VALUES (29, 'drawer', NULL, 'মাছ ধরা', NULL, '/fishing', '/static/svg/mobileMenu/icon_fishing.svg', 7, 1, 0, NULL, 'dot', NULL, 0, 0, '[]', 'games', '2026-04-01 13:07:55', '2026-04-01 13:07:55');
INSERT INTO `navigation_items` (`id`, `placement`, `parent_id`, `label_bn`, `label_en`, `href`, `icon_path`, `sort_order`, `is_active`, `show_underline`, `badge_label`, `badge_variant`, `label_class`, `has_badge_ui`, `is_external`, `drawer_meta`, `drawer_group`, `created_at`, `updated_at`) VALUES (30, 'drawer', NULL, 'খেলার বই', NULL, '/sportsbook', '/static/svg/mobileMenu/icon_sb.svg', 8, 1, 0, NULL, 'dot', NULL, 0, 0, '[]', 'games', '2026-04-01 13:07:55', '2026-04-01 13:07:55');
INSERT INTO `navigation_items` (`id`, `placement`, `parent_id`, `label_bn`, `label_en`, `href`, `icon_path`, `sort_order`, `is_active`, `show_underline`, `badge_label`, `badge_variant`, `label_class`, `has_badge_ui`, `is_external`, `drawer_meta`, `drawer_group`, `created_at`, `updated_at`) VALUES (31, 'drawer', NULL, 'প্রায়শই জিজ্ঞাসিত প্রশ্নাবল', NULL, '/info/faq', '/static/svg/mobileMenu/icon_FAQ.svg', 1, 1, 0, NULL, 'dot', NULL, 0, 0, '{\"icon_wrap\":\"button\"}', 'others', '2026-04-01 13:07:55', '2026-04-01 13:07:55');

INSERT INTO `payment_methods` (`id`, `name`, `image_path`, `alt`, `sort_order`, `is_active`, `created_at`, `updated_at`) VALUES (1, 'bkash', '/static/image/footer/icon_footer_bkash_colour.svg', NULL, 1, 1, '2026-04-01 13:07:55', '2026-04-01 13:07:55');
INSERT INTO `payment_methods` (`id`, `name`, `image_path`, `alt`, `sort_order`, `is_active`, `created_at`, `updated_at`) VALUES (2, 'nagad', '/static/image/footer/icon_footer_nagad_colour.svg', NULL, 2, 1, '2026-04-01 13:07:55', '2026-04-01 13:07:55');
INSERT INTO `payment_methods` (`id`, `name`, `image_path`, `alt`, `sort_order`, `is_active`, `created_at`, `updated_at`) VALUES (3, 'rocket', '/static/image/footer/icon_footer_rocket_colour.svg', NULL, 3, 1, '2026-04-01 13:07:55', '2026-04-01 13:07:55');
INSERT INTO `payment_methods` (`id`, `name`, `image_path`, `alt`, `sort_order`, `is_active`, `created_at`, `updated_at`) VALUES (4, 'upay', '/static/image/footer/icon_footer_upay_colour.svg', NULL, 4, 1, '2026-04-01 13:07:55', '2026-04-01 13:07:55');

INSERT INTO `site_settings` (`id`, `key`, `value`, `created_at`, `updated_at`) VALUES (1, 'brand_official_url', 'https://babu88official.com', '2026-04-01 13:07:55', '2026-04-01 13:07:55');
INSERT INTO `site_settings` (`id`, `key`, `value`, `created_at`, `updated_at`) VALUES (2, 'brand_footer_logo_path', '/static/image/footer/babu88-official.png', '2026-04-01 13:07:55', '2026-04-01 13:07:55');
INSERT INTO `site_settings` (`id`, `key`, `value`, `created_at`, `updated_at`) VALUES (3, 'brand_tagline_en', 'Bangladesh\'s No.1 - The Biggest and Most Trusted', '2026-04-01 13:07:55', '2026-04-01 13:07:55');
INSERT INTO `site_settings` (`id`, `key`, `value`, `created_at`, `updated_at`) VALUES (4, 'brand_copyright_bn', 'কপিরাইট © 2026 [ ব্র্যান্ড]। সমস্ত অধিকার সংরক্ষিত', '2026-04-01 13:07:55', '2026-04-01 13:07:55');
INSERT INTO `site_settings` (`id`, `key`, `value`, `created_at`, `updated_at`) VALUES (5, 'footer_seo_main', '{\"heading\":\"বাংলাদেশের বিশ্বস্ত অনলাইন ক্যাসিনো এবং ক্রিকেট এক্সচেঞ্জ\",\"intro\":\"Babu88 হল বাংলাদেশের প্রধান অনলাইন ক্যাসিনো, মোবাইল এবং ডেস্কটপ ব্যবহারকারীদের জন্য বিভিন্ন ধরনের গেম অফার করে। খেলোয়াড়রা অনলাইনে আসল টাকা জেতার সুযোগ সহ রুলেট, পোকার, ব্যাকার্যাট, ব্ল্যাকজ্যাক এবং এমনকি ক্রিকেট এক্সচেঞ্জ বাজির বিকল্পগুলি উপভোগ করতে পারে। আমাদের প্ল্যাটফর্ম খেলোয়াড়দের জন্য দ্রুত, বিরামহীন গেমপ্লে এবং দুর্দান্ত বোনাস প্রদান করে। আমরা আপনার তথ্য রক্ষা করতে উন্নত এনক্রিপশন প্রযুক্তি ব্যবহার করে নিরাপত্তা এবং নিরাপত্তাকে অগ্রাধিকার দিই, এবং আমাদের গ্রাহক পরিষেবা 24\\/7 উপলব্ধ। বাংলাদেশের সেরা অনলাইন ক্যাসিনো গেমিং এবং ক্রিকেট এক্সচেঞ্জ বেটিং অভিজ্ঞতার জন্য আজই Babu88-এ যোগ দিন।\"}', '2026-04-01 13:07:55', '2026-04-01 13:07:55');
INSERT INTO `site_settings` (`id`, `key`, `value`, `created_at`, `updated_at`) VALUES (6, 'footer_seo_expandable', '{\"section_heading\":\"যেই গেমগুলো পাবেন\",\"columns\":[[{\"heading\":\"স্লট গেম\",\"body\":\"BABU88 অনলাইন স্লট গেমগুলি একটি বড় ড্র। প্লেয়াররা ভিডিও স্লট, ঐতিহ্যবাহী স্লট এবং প্রগতিশীল জ্যাকপট স্লটগুলির একটি আকর্ষণীয় বৈচিত্র্য উপভোগ করতে পারে। জিআইএলআই গেমস এবং প্রাগম্যাটিক প্লে-এর মতো শীর্ষ প্রদানকারীর কাছ থেকে মানি কামিং, সুপার অ্যাস এবং আরও অনেক কিছুর মতো ভক্তদের পছন্দ খুঁজুন।\"},{\"heading\":\"স্পোর্টস ব্যাটিং\",\"body\":\"ক্রীড়া উত্সাহীদের জন্য, BABU88 একটি ব্যাপক অনলাইন স্পোর্টস বেটিং প্ল্যাটফর্ম প্রদান করে। খেলোয়াড়রা ফুটবল, বাস্কেটবল, টেনিস, ক্রিকেট এবং আরও অনেক কিছু সহ বিশ্বের বিভিন্ন ক্রীড়া ইভেন্টে বাজি রাখতে পারে। ক্রীড়া বেটিং বিভাগটি প্রতিযোগিতামূলক প্রতিকূলতা এবং একটি ব্যবহারকারী-বান্ধব ইন্টারফেস, যা খেলোয়াড়দের সুবিধামত তাদের বাজি রাখতে এবং তাদের প্রিয় দল এবং ম্যাচগুলিকে রিয়েল টাইমে ট্র্যাক করতে দেয়। ICC, IPL, T20, BPL, LPL, CPL এবং আরও অনেক বড় টুর্নামেন্টে বাজি ধরতে আমাদের ক্রিকেট এক্সচেঞ্জ ব্যবহার করুন!\"},{\"heading\":\"লাইভ ক্যাসিনো গেম\",\"body\":\"অনলাইন ক্যাসিনো বাংলাদেশ BABU88 আপনাকে গেমের সবচেয়ে বড় স্যুট প্রদান করে যেগুলিতে আকর্ষণীয় গেমপ্লে এবং জেতার পরে দুর্দান্ত পুরস্কার রয়েছে। ইভোলিউশন গেমিং (ইভো গেমিং), সুপার স্পেড গেমিং, প্রাগম্যাটিক প্লে এবং এই ক্যাসিনোর মতো জনপ্রিয় বিকাশকারীরা BABU88-এ উপযোগী।\"}],[{\"heading\":\"BABU88 এ অর্থপ্রদানের বিকল্প\",\"body\":\"সেরা অনলাইন ক্যাসিনো সাইটগুলি অর্থ জমা এবং উত্তোলনের বিভিন্ন উপায় অফার করে। আমরা আমাদের গ্রাহকদের জন্য বিভিন্ন ধরণের অর্থপ্রদানের বিকল্প প্রদান করি, যার মধ্যে নগদ, বিকাশ, স্থানীয় ব্যাঙ্ক স্থানান্তর এবং আরও অনেক কিছুর মতো পেমেন্ট চ্যানেল সহ ই-ওয়ালেট।\"},{\"heading\":\"লাইসেন্স এবং নিরাপত্তা নীতি\",\"body\":\"BABU88 একটি নিরাপদ এবং ন্যায্য গেমিং পরিবেশ বজায় রাখার জন্য কঠোর নীতি এবং প্রবিধান অনুযায়ী কাজ করে। আমরা আমাদের গেমারদের গোপনীয়তা এবং ব্যক্তিগত তথ্য সুরক্ষিত করার জন্য শক্তিশালী নিরাপত্তা ব্যবস্থা রেখেছি। BABU88 দায়িত্বশীল জুয়া খেলার জন্য প্রতিশ্রুতিবদ্ধ এবং আমাদের ব্যবহারকারীদের মধ্যে স্বাস্থ্যকর গেমিং অভ্যাস উন্নীত করার জন্য সরঞ্জাম এবং সংস্থান সরবরাহ করে।\"},{\"heading\":\"শর্তাবলী\",\"body\":\"BABU88 নিয়ম ও শর্তাবলী (T&C) পরিষ্কার এবং সহজবোধ্য, আমাদের প্ল্যাটফর্মের ব্যবহার নিয়ন্ত্রণ করে এমন নিয়ম ও প্রবিধানের রূপরেখা। এই T&Cগুলি অ্যাকাউন্ট পরিচালনা, প্রচার, আমানত, উত্তোলন এবং ব্যাটিং সহ বিভিন্ন দিক কভার করে। একটি মনোরম এবং সঙ্গতিপূর্ণ গেমিং অভিজ্ঞতার নিশ্চয়তা দিতে, খেলোয়াড়দের T&C এর সাথে পরিচিত হওয়া উচিত।\"}],[{\"heading\":\"24\\/7 গ্রাহক সহায়তা\",\"body\":\"BABU88 সার্বক্ষণিক সহায়তার গুরুত্ব বোঝে, এবং তাই, আমাদের গ্রাহক সহায়তা দিনে 24 ঘন্টা, সপ্তাহের 7 দিন উপলব্ধ। নিবন্ধন, সাইন আপ, জমা বা উত্তোলনের জন্য আপনার সাহায্যের প্রয়োজন হোক না কেন, BABU88 গ্রাহক সহায়তা আপনাকে সেবা দিতে প্রস্তুত।\"}]]}', '2026-04-01 13:07:55', '2026-04-12 19:14:48');
INSERT INTO `site_settings` (`id`, `key`, `value`, `created_at`, `updated_at`) VALUES (7, 'site_content_seeded_v1', '1', '2026-04-01 13:09:19', '2026-04-01 13:09:19');
INSERT INTO `site_settings` (`id`, `key`, `value`, `created_at`, `updated_at`) VALUES (8, 'brand_header_logo_path', '/storage/site-header/1ftUNtLyn7GGHQLkxzeOQp21v1YvEblW24HQyx8k.png', '2026-04-12 19:12:35', '2026-04-12 19:14:48');
INSERT INTO `site_settings` (`id`, `key`, `value`, `created_at`, `updated_at`) VALUES (9, 'brand_drawer_logo_path', '/static/svg/babu88_logo_black.svg', '2026-04-12 19:12:35', '2026-04-12 19:12:35');
INSERT INTO `site_settings` (`id`, `key`, `value`, `created_at`, `updated_at`) VALUES (10, 'intercom_app_id', 'jyk27uux', '2026-04-12 19:12:35', '2026-04-12 19:12:35');
INSERT INTO `site_settings` (`id`, `key`, `value`, `created_at`, `updated_at`) VALUES (11, 'site_html_title', 'Babu88 | Premium Cricket Exchange | Online Live Casino Bangladesh', '2026-04-12 19:12:35', '2026-04-12 19:12:35');
INSERT INTO `site_settings` (`id`, `key`, `value`, `created_at`, `updated_at`) VALUES (12, 'site_meta_description', 'Register and experience the best Cricket Exchange in Bangladesh with 24/7 Service.', '2026-04-12 19:12:35', '2026-04-12 19:12:35');
INSERT INTO `site_settings` (`id`, `key`, `value`, `created_at`, `updated_at`) VALUES (13, 'site_meta_keywords', 'cricket exchange, best cricket exchange, cricket betting', '2026-04-12 19:12:35', '2026-04-12 19:12:35');
INSERT INTO `site_settings` (`id`, `key`, `value`, `created_at`, `updated_at`) VALUES (14, 'site_og_image', '/static/image/logo/logo.webp', '2026-04-12 19:12:35', '2026-04-12 19:12:35');
INSERT INTO `site_settings` (`id`, `key`, `value`, `created_at`, `updated_at`) VALUES (15, 'site_loader_aria_label', 'Loading', '2026-04-12 19:12:36', '2026-04-12 19:12:36');
INSERT INTO `site_settings` (`id`, `key`, `value`, `created_at`, `updated_at`) VALUES (16, 'home_referral_headline_en', 'Refer friends and start earning', '2026-04-13 15:54:47', '2026-04-13 15:54:47');
INSERT INTO `site_settings` (`id`, `key`, `value`, `created_at`, `updated_at`) VALUES (17, 'home_referral_body_bn', 'বাংলাদেশের নং ১ ফ্রেন্ড রেফারেল প্রোগ্রাম এখন এখানে! একজন বন্ধুকে রেফার করলে ফ্রি ৳৫০০ উপার্জন করুন এবং আপনার বন্ধু প্রতিবার জমা দিলে আজীবন সর্বোচ্চ ২% কমিশন পান!', '2026-04-13 15:54:47', '2026-04-13 15:54:47');
INSERT INTO `site_settings` (`id`, `key`, `value`, `created_at`, `updated_at`) VALUES (18, 'home_referral_mobile_section_bn', 'প্রচার', '2026-04-13 15:54:48', '2026-04-13 15:54:48');
INSERT INTO `site_settings` (`id`, `key`, `value`, `created_at`, `updated_at`) VALUES (19, 'home_referral_mobile_headline_en', 'Refer and earn with BABU88', '2026-04-13 15:54:48', '2026-04-13 15:54:48');

INSERT INTO `social_links` (`id`, `label`, `icon_path`, `url`, `sort_order`, `is_active`, `created_at`, `updated_at`) VALUES (1, 'Facebook', '/static/svg/hover_btm-fb.svg', 'https://www.facebook.com/babu88official/', 1, 1, '2026-04-01 13:07:55', '2026-04-01 13:07:55');
INSERT INTO `social_links` (`id`, `label`, `icon_path`, `url`, `sort_order`, `is_active`, `created_at`, `updated_at`) VALUES (2, 'YouTube', '/static/svg/btm-yt.svg', 'https://www.youtube.com/@BB88SPORTS', 2, 1, '2026-04-01 13:07:55', '2026-04-01 13:07:55');
INSERT INTO `social_links` (`id`, `label`, `icon_path`, `url`, `sort_order`, `is_active`, `created_at`, `updated_at`) VALUES (3, 'Instagram', '/static/svg/hover_btm-ig.svg', 'https://www.instagram.com/babu88official/', 3, 1, '2026-04-01 13:07:55', '2026-04-01 13:07:55');
INSERT INTO `social_links` (`id`, `label`, `icon_path`, `url`, `sort_order`, `is_active`, `created_at`, `updated_at`) VALUES (4, 'X', '/static/svg/btm-twitter.svg', 'https://x.com/Babu88Official', 4, 1, '2026-04-01 13:07:55', '2026-04-01 13:07:55');
INSERT INTO `social_links` (`id`, `label`, `icon_path`, `url`, `sort_order`, `is_active`, `created_at`, `updated_at`) VALUES (5, 'Telegram', '/static/svg/hover_btm-tlg.svg', 'https://t.me/babu88official_bd', 5, 1, '2026-04-01 13:07:55', '2026-04-01 13:07:55');

SET FOREIGN_KEY_CHECKS = 1;
